service_name,customer_name,professional_name,date_of_request,date_of_completion,remarks
Plumbing,Anuj omer,Mike Johnson,2024-11-30,2024-11-30,
Electrical Repair,Jane Smith,Sara Connor,2024-11-30,,
House Cleaning,Alice Brown,Tom Hardy,2024-11-30,,
Carpentry,Bob White,Emily Clarke,2024-11-30,,
Electrical Repair,Anuj omer,Sara Connor,2024-11-30,2024-11-30,
Plumbing,Anuj omer,Mike Johnson,2024-11-30,2024-11-30,
Plumbing,Anuj omer,Mike Johnson,2024-11-30,2024-11-30,
Plumbing,Anuj omer,Mike Johnson,2024-11-30,2024-11-30,
Plumbing,Anuj omer,Mike Johnson,2024-11-30,2024-11-30,
Plumbing,Anuj omer,Mike Johnson,2024-11-30,2024-11-30,
Plumbing,Anuj omer,Mike Johnson,2024-11-30,2024-11-30,Hello
Plumbing,Anuj omer,Mike Johnson,2024-11-30,2024-11-30,best work
House Cleaning,Anuj omer,Tom Hardy,2024-11-30,,
Carpentry,Anuj omer,Emily Clarke,2024-11-30,,
House Cleaning,Anuj omer,Tom Hardy,2024-11-30,,
Plumbing,Anuj omer,Mike Johnson,2024-11-30,2024-12-02,sss
Plumbing,Anuj omer,Mike Johnson,2024-11-30,2024-12-02,ddd
Plumbing,Anuj omer,Mike Johnson,2024-11-30,2024-12-02,sss
Plumbing,Anuj omer,Mike Johnson,2024-11-30,2024-12-02,zap
Plumbing,Anuj omer,Mike Johnson,2024-12-02,2024-12-02,axis
Plumbing,Anuj omer,Mike Johnson,2024-12-02,2024-12-02,Dada
Electrical Repair,Anuj omer,Sara Connor,2024-12-02,,
